<?xml version="1.0" encoding="UTF-8"?>
<!DOCTYPE suite SYSTEM "https://testng.org/testng-1.0.dtd">
<suite name="Suite">
<parameter name="Tenant" value="Apcoa" />
<parameter name="Environment" value="Staging" />
<parameter name="Country" value="Sweden"/>
<parameter name="Platform" value="Android" />
<listeners>
	<listener class-name="TestNGListeners.ApcoaListeners"></listener>
</listeners>
  <test thread-count="5" name="Test">
    <classes>
      <class name="Mobile.NewUserReg"/>
    </classes>
  </test> <!-- Test -->
</suite> <!-- Suite -->
